year,state,age,births
1981,1,15,6065.333333
1981,1,20,23682
1981,1,25,30365
1981,1,30,16731
1981,1,35,4396
1981,1,40,647.9166667
1981,1,45,28.45833333
1981,2,15,3343.833334
1981,2,20,15879
1981,2,25,23372.00001
1981,2,30,12886
1981,2,35,3239
1981,2,40,491.4583333
1981,2,45,36.08333334
1981,3,15,3643.583333
1981,3,20,11787.04167
1981,3,25,13058.25
1981,3,30,6740.916666
1981,3,35,1742.208333
1981,3,40,298.8333333
1981,3,45,6.791666668
1981,4,15,1493.833333
1981,4,20,5952.166666
1981,4,25,7436.333334
1981,4,30,3435.875
1981,4,35,794.2083333
1981,4,40,113.25
1981,4,45,5.999999998
1981,5,15,1698.041667
1981,5,20,6657.791666
1981,5,25,8284.000001
1981,5,30,4108
1981,5,35,953.9583333
1981,5,40,181.7916667
1981,5,45,6.708333331
1981,6,15,732.9583334
1981,6,20,2540.416667
1981,6,25,2483.791667
1981,6,30,1141.916667
1981,6,35,259.75
1981,6,40,48.29166667
1981,6,45,0
1981,7,15,458.2916666
1981,7,20,911.0833333
1981,7,25,980.0416667
1981,7,30,520.9583333
1981,7,35,179.7916667
1981,7,40,29.125
1981,7,45,1.75
1981,8,15,165.7916667
1981,8,20,962.3333333
1981,8,25,1636.833333
1981,8,30,1059.458333
1981,8,35,278.5416667
1981,8,40,30
1981,8,45,1.458333334
1982,1,15,5959.791667
1982,1,20,23653
1982,1,25,30941
1982,1,30,17571
1982,1,35,5019
1982,1,40,679.875
1982,1,45,38.66666666
1982,2,15,3209.083334
1982,2,20,15516
1982,2,25,23546
1982,2,30,13349
1982,2,35,3633
1982,2,40,523.5416666
1982,2,45,36.45833334
1982,3,15,3594.375
1982,3,20,12013.29167
1982,3,25,13753.04167
1982,3,30,7103.166666
1982,3,35,2062.250001
1982,3,40,352.4166666
1982,3,45,14.25
1982,4,15,1333.208333
1982,4,20,5798.791667
1982,4,25,7481.375
1982,4,30,3549.833334
1982,4,35,895.1666666
1982,4,40,109.4583333
1982,4,45,5.666666666
1982,5,15,1627.208333
1982,5,20,6600.958334
1982,5,25,8584.999999
1982,5,30,4191
1982,5,35,1088.625
1982,5,40,147.2083333
1982,5,45,10.29166666
1982,6,15,673.7083332
1982,6,20,2347.375
1982,6,25,2517.125
1982,6,30,1163.791667
1982,6,35,252.7916667
1982,6,40,36.50000001
1982,6,45,0.666666667
1982,7,15,461.9583333
1982,7,20,854.4583333
1982,7,25,857.7916667
1982,7,30,524.75
1982,7,35,130.9583333
1982,7,40,27.25000001
1982,7,45,0.5
1982,8,15,158.0416667
1982,8,20,927.0416667
1982,8,25,1556.75
1982,8,30,1099.458333
1982,8,35,286
1982,8,40,40.75
1982,8,45,0.333333333
1983,1,15,5652.583333
1983,1,20,23071
1983,1,25,31095
1983,1,30,17611
1983,1,35,5114
1983,1,40,714.9583333
1983,1,45,21.95833334
1983,2,15,3022.333334
1983,2,20,15291
1983,2,25,23853
1983,2,30,13494
1983,2,35,3705
1983,2,40,487.0416667
1983,2,45,29.375
1983,3,15,3629
1983,3,20,12461.16667
1983,3,25,14427.70833
1983,3,30,7314.958333
1983,3,35,2166.666666
1983,3,40,305.25
1983,3,45,21.375
1983,4,15,1300.416667
1983,4,20,5837.666667
1983,4,25,7674.208333
1983,4,30,3879.916666
1983,4,35,981.2916666
1983,4,40,105.125
1983,4,45,4.375
1983,5,15,1563.208333
1983,5,20,6812.791667
1983,5,25,8823
1983,5,30,4555
1983,5,35,1155.708333
1983,5,40,171
1983,5,45,6.750000002
1983,6,15,573.75
1983,6,20,2312.958333
1983,6,25,2633.583333
1983,6,30,1180.916667
1983,6,35,288.2083333
1983,6,40,39
1983,6,45,1.499999999
1983,7,15,503.875
1983,7,20,867
1983,7,25,974.0416667
1983,7,30,577.625
1983,7,35,137.6666667
1983,7,40,32.58333334
1983,7,45,2.041666667
1983,8,15,156.2916667
1983,8,20,905.5833333
1983,8,25,1586.791667
1983,8,30,1073.375
1983,8,35,358.5833333
1983,8,40,56.41666667
1983,8,45,2.833333333
1984,1,15,4745.458333
1984,1,20,20831
1984,1,25,29429
1984,1,30,17134
1984,1,35,5055
1984,1,40,734.9166667
1984,1,45,39.25
1984,2,15,2655.708333
1984,2,20,14320
1984,2,25,23764
1984,2,30,14060
1984,2,35,4077
1984,2,40,534.6250001
1984,2,45,25.33333334
1984,3,15,3127.333333
1984,3,20,11390.45833
1984,3,25,14286.83333
1984,3,30,7418.458333
1984,3,35,2165.791666
1984,3,40,316.0833334
1984,3,45,16.29166667
1984,4,15,1265.125
1984,4,20,5624.041667
1984,4,25,7927.166666
1984,4,30,3980.791667
1984,4,35,1085.041667
1984,4,40,133.7083333
1984,4,45,4.999999999
1984,5,15,1423.125
1984,5,20,6023.916667
1984,5,25,8374
1984,5,30,4475
1984,5,35,1155.708333
1984,5,40,142.125
1984,5,45,9.708333335
1984,6,15,574.4166667
1984,6,20,2234.208333
1984,6,25,2646.875001
1984,6,30,1243.458333
1984,6,35,358.7916666
1984,6,40,37.75
1984,6,45,2.5
1984,7,15,468.5416667
1984,7,20,928.3333333
1984,7,25,983.2083333
1984,7,30,546.4166667
1984,7,35,164.5416667
1984,7,40,21.91666667
1984,7,45,1
1984,8,15,127.4166667
1984,8,20,787.9583333
1984,8,25,1612.791667
1984,8,30,1118.416667
1984,8,35,365.5
1984,8,40,53.79166667
1984,8,45,0
1985,1,15,4935.958334
1985,1,20,22312
1985,1,25,33262
1985,1,30,20256
1985,1,35,6118
1985,1,40,826.875
1985,1,45,41.58333334
1985,2,15,2662.5
1985,2,20,14174
1985,2,25,24792
1985,2,30,14997
1985,2,35,4304.000001
1985,2,40,565.3750001
1985,2,45,21.125
1985,3,15,3011.416667
1985,3,20,11015.58333
1985,3,25,14327.08333
1985,3,30,7713.625
1985,3,35,2329.5
1985,3,40,318.625
1985,3,45,13.16666667
1985,4,15,1172.083333
1985,4,20,5435
1985,4,25,7763.291667
1985,4,30,4158.916666
1985,4,35,1057.833333
1985,4,40,115.7083333
1985,4,45,6.791666666
1985,5,15,1376.791667
1985,5,20,6128.875
1985,5,25,9022
1985,5,30,4991.000001
1985,5,35,1401.875
1985,5,40,188.1666667
1985,5,45,8.125000001
1985,6,15,586.8333333
1985,6,20,2103.666667
1985,6,25,2739.875
1985,6,30,1365.708333
1985,6,35,362.75
1985,6,40,41.50000001
1985,6,45,3.833333334
1985,7,15,487.875
1985,7,20,877.25
1985,7,25,1039.583333
1985,7,30,633.7916668
1985,7,35,193.5416667
1985,7,40,41.625
1985,7,45,0
1985,8,15,129.4583333
1985,8,20,848.25
1985,8,25,1558.166667
1985,8,30,1122.083333
1985,8,35,370.625
1985,8,40,36.625
1985,8,45,3.083333333
1986,1,15,4706.041666
1986,1,20,20253
1986,1,25,32152
1986,1,30,19535
1986,1,35,6219
1986,1,40,804.9583333
1986,1,45,29.16666667
1986,2,15,2501.5
1986,2,20,12847
1986,2,25,24103
1986,2,30,15006
1986,2,35,4491
1986,2,40,537.9166667
1986,2,45,21.25
1986,3,15,2995
1986,3,20,10282.58333
1986,3,25,14478.5
1986,3,30,8007.833334
1986,3,35,2385.041667
1986,3,40,338.2500001
1986,3,45,21.79166667
1986,4,15,1177.75
1986,4,20,5093.833333
1986,4,25,7771.416666
1986,4,30,4268.916667
1986,4,35,1138.375
1986,4,40,145.9166667
1986,4,45,9.875
1986,5,15,1495.708333
1986,5,20,6057.958333
1986,5,25,9344
1986,5,30,5265.999999
1986,5,35,1544.916667
1986,5,40,174.5833333
1986,5,45,4.791666664
1986,6,15,518.7083333
1986,6,20,1988.875
1986,6,25,2683.958333
1986,6,30,1317.666667
1986,6,35,350.2083333
1986,6,40,51.54166666
1986,6,45,1.666666666
1986,7,15,548.5833333
1986,7,20,921.125
1986,7,25,1020.833333
1986,7,30,572
1986,7,35,172.0833333
1986,7,40,23.83333333
1986,7,45,0.5
1986,8,15,140.5416667
1986,8,20,801.9166667
1986,8,25,1546.291667
1986,8,30,1128.291667
1986,8,35,382.5833333
1986,8,40,50.04166667
1986,8,45,0.166666667
1987,1,15,4722.583333
1987,1,20,19352
1987,1,25,33178.00001
1987,1,30,20950
1987,1,35,6788
1987,1,40,1022.833333
1987,1,45,47.83333333
1987,2,15,2641.333334
1987,2,20,12558
1987,2,25,24573
1987,2,30,15965
1987,2,35,4964.999999
1987,2,40,674.4583333
1987,2,45,42.54166667
1987,3,15,2699.541667
1987,3,20,9600.833333
1987,3,25,14415.25
1987,3,30,8186.083333
1987,3,35,2427.208333
1987,3,40,348.8333334
1987,3,45,17.66666667
1987,4,15,1118.583333
1987,4,20,4549.208334
1987,4,25,7742.416666
1987,4,30,4397.791666
1987,4,35,1213.333333
1987,4,40,164.3333333
1987,4,45,4.291666666
1987,5,15,1386.375
1987,5,20,5427.708333
1987,5,25,9232
1987,5,30,5467
1987,5,35,1577.833333
1987,5,40,219.5416667
1987,5,45,12
1987,6,15,510.0416667
1987,6,20,1766.416667
1987,6,25,2683.041667
1987,6,30,1365.375
1987,6,35,371.25
1987,6,40,45.95833333
1987,6,45,0.75
1987,7,15,572.3333333
1987,7,20,911.3333333
1987,7,25,1101.708333
1987,7,30,655.3333333
1987,7,35,188.0833333
1987,7,40,29.95833334
1987,7,45,2
1987,8,15,150.125
1987,8,20,767.2916667
1987,8,25,1581.333333
1987,8,30,1125.125
1987,8,35,372.4166667
1987,8,40,60.83333333
1987,8,45,0
1988,1,15,4775
1988,1,20,18267
1988,1,25,32471
1988,1,30,21470
1988,1,35,7160
1988,1,40,1004
1988,1,45,45
1988,2,15,2589
1988,2,20,12022
1988,2,25,24558
1988,2,30,17148
1988,2,35,5399
1988,2,40,738
1988,2,45,50
1988,3,15,2918
1988,3,20,9859
1988,3,25,15691
1988,3,30,9265
1988,3,35,2765
1988,3,40,468
1988,3,45,29
1988,4,15,1159
1988,4,20,4270
1988,4,25,7644
1988,4,30,4657
1988,4,35,1370
1988,4,40,174
1988,4,45,18
1988,5,15,1583
1988,5,20,5656
1988,5,25,9809
1988,5,30,6203
1988,5,35,1949
1988,5,40,287
1988,5,45,8
1988,6,15,490
1988,6,20,1678
1988,6,25,2745
1988,6,30,1525
1988,6,35,422
1988,6,40,83
1988,6,45,6
1988,7,15,558
1988,7,20,902
1988,7,25,1125
1988,7,30,700
1988,7,35,237
1988,7,40,38
1988,7,45,4
1988,8,15,173
1988,8,20,844
1988,8,25,1620
1988,8,30,1165
1988,8,35,457
1988,8,40,66
1988,8,45,2
1989,1,15,4882
1989,1,20,17530
1989,1,25,32561
1989,1,30,22403
1989,1,35,7680
1989,1,40,1210
1989,1,45,53
1989,2,15,2721
1989,2,20,11942
1989,2,25,24894
1989,2,30,18094
1989,2,35,5831
1989,2,40,865
1989,2,45,43
1989,3,15,3033
1989,3,20,9635
1989,3,25,15932
1989,3,30,10145
1989,3,35,3243
1989,3,40,490
1989,3,45,28
1989,4,15,1203
1989,4,20,4258
1989,4,25,7644
1989,4,30,4901
1989,4,35,1540
1989,4,40,202
1989,4,45,14
1989,5,15,1480
1989,5,20,5329
1989,5,25,9731
1989,5,30,6542
1989,5,35,2029
1989,5,40,306
1989,5,45,14
1989,6,15,514
1989,6,20,1678
1989,6,25,2683
1989,6,30,1578
1989,6,35,437
1989,6,40,85
1989,6,45,4
1989,7,15,522
1989,7,20,884
1989,7,25,1073
1989,7,30,715
1989,7,35,240
1989,7,40,33
1989,7,45,0
1989,8,15,159
1989,8,20,778
1989,8,25,1512
1989,8,30,1193
1989,8,35,447
1989,8,40,90
1989,8,45,1
1990,1,15,5113
1990,1,20,18367
1990,1,25,33516
1990,1,30,24320
1990,1,35,8363
1990,1,40,1326
1990,1,45,62
1990,2,15,2861
1990,2,20,12212
1990,2,25,25346
1990,2,30,19605
1990,2,35,6310
1990,2,40,962
1990,2,45,37
1990,3,15,3339
1990,3,20,10027
1990,3,25,16599
1990,3,30,11186
1990,3,35,3540
1990,3,40,564
1990,3,45,30
1990,4,15,1210
1990,4,20,4173
1990,4,25,7663
1990,4,30,5234
1990,4,35,1534
1990,4,40,253
1990,4,45,14
1990,5,15,1613
1990,5,20,5295
1990,5,25,9353
1990,5,30,6879
1990,5,35,2174
1990,5,40,331
1990,5,45,16
1990,6,15,514
1990,6,20,1704
1990,6,25,2644
1990,6,30,1751
1990,6,35,508
1990,6,40,75
1990,6,45,8
1990,7,15,547
1990,7,20,953
1990,7,25,1056
1990,7,30,780
1990,7,35,263
1990,7,40,51
1990,7,45,0
1990,8,15,194
1990,8,20,836
1990,8,25,1622
1990,8,30,1270
1990,8,35,448
1990,8,40,84
1990,8,45,3
1991,1,15,5013
1991,1,20,17434
1991,1,25,31025
1991,1,30,24497
1991,1,35,8543
1991,1,40,1329
1991,1,45,68
1991,2,15,2769
1991,2,20,11764
1991,2,25,23980
1991,2,30,19515
1991,2,35,6762
1991,2,40,982
1991,2,45,46
1991,3,15,3191
1991,3,20,9822
1991,3,25,15624
1991,3,30,11543
1991,3,35,3708
1991,3,40,600
1991,3,45,31
1991,4,15,1146
1991,4,20,4074
1991,4,25,7280
1991,4,30,5419
1991,4,35,1672
1991,4,40,246
1991,4,45,17
1991,5,15,1545
1991,5,20,5434
1991,5,25,9185
1991,5,30,6850
1991,5,35,2292
1991,5,40,365
1991,5,45,18
1991,6,15,550
1991,6,20,1629
1991,6,25,2492
1991,6,30,1776
1991,6,35,572
1991,6,40,75
1991,6,45,6
1991,7,15,492
1991,7,20,962
1991,7,25,1078
1991,7,30,770
1991,7,35,321
1991,7,40,35
1991,7,45,0
1991,8,15,206
1991,8,20,887
1991,8,25,1642
1991,8,30,1386
1991,8,35,521
1991,8,40,80
1991,8,45,0
1992,1,15,4935
1992,1,20,18590
1992,1,25,31793
1992,1,30,26625
1992,1,35,9508
1992,1,40,1507
1992,1,45,93
1992,2,15,2421
1992,2,20,11587
1992,2,25,23455
1992,2,30,20354
1992,2,35,7164
1992,2,40,1097
1992,2,45,81
1992,3,15,3179
1992,3,20,10588
1992,3,25,15723
1992,3,30,12372
1992,3,35,4067
1992,3,40,673
1992,3,45,48
1992,4,15,981
1992,4,20,3793
1992,4,25,6730
1992,4,30,5696
1992,4,35,1943
1992,4,40,319
1992,4,45,29
1992,5,15,1582
1992,5,20,5185
1992,5,25,8781
1992,5,30,7094
1992,5,35,2337
1992,5,40,403
1992,5,45,25
1992,6,15,520
1992,6,20,1636
1992,6,25,2470
1992,6,30,1864
1992,6,35,577
1992,6,40,97
1992,6,45,8
1992,7,15,576
1992,7,20,1001
1992,7,25,1059
1992,7,30,814
1992,7,35,319
1992,7,40,61
1992,7,45,0
1992,8,15,192
1992,8,20,787
1992,8,25,1598
1992,8,30,1355
1992,8,35,447
1992,8,40,96
1992,8,45,6
1993,1,15,4477
1993,1,20,17714
1993,1,25,29902
1993,1,30,26500
1993,1,35,9592
1993,1,40,1559
1993,1,45,104
1993,2,15,2211
1993,2,20,10775
1993,2,25,22638
1993,2,30,20462
1993,2,35,7205
1993,2,40,1129
1993,2,45,35
1993,3,15,3110
1993,3,20,10390
1993,3,25,15704
1993,3,30,12977
1993,3,35,4218
1993,3,40,683
1993,3,45,33
1993,4,15,906
1993,4,20,3722
1993,4,25,6882
1993,4,30,6174
1993,4,35,2200
1993,4,40,380
1993,4,45,25
1993,5,15,1475
1993,5,20,5038
1993,5,25,8596
1993,5,30,7353
1993,5,35,2537
1993,5,40,396
1993,5,45,14
1993,6,15,515
1993,6,20,1613
1993,6,25,2386
1993,6,30,1823
1993,6,35,572
1993,6,40,95
1993,6,45,11
1993,7,15,493
1993,7,20,960
1993,7,25,1082
1993,7,30,782
1993,7,35,311
1993,7,40,59
1993,7,45,9
1993,8,15,200
1993,8,20,805
1993,8,25,1526
1993,8,30,1337
1993,8,35,481
1993,8,40,90
1993,8,45,6
1994,1,15,4275
1994,1,20,17055
1994,1,25,28832
1994,1,30,26407
1994,1,35,10210
1994,1,40,1657
1994,1,45,69
1994,2,15,2228
1994,2,20,10445
1994,2,25,21759
1994,2,30,20745
1994,2,35,7822
1994,2,40,1208
1994,2,45,53
1994,3,15,3065
1994,3,20,10323
1994,3,25,15325
1994,3,30,12863
1994,3,35,4642
1994,3,40,724
1994,3,45,55
1994,4,15,798
1994,4,20,3506
1994,4,25,6587
1994,4,30,6036
1994,4,35,2283
1994,4,40,386
1994,4,45,24
1994,5,15,1550
1994,5,20,5027
1994,5,25,8479
1994,5,30,7329
1994,5,35,2681
1994,5,40,420
1994,5,45,30
1994,6,15,453
1994,6,20,1631
1994,6,25,2312
1994,6,30,1894
1994,6,35,627
1994,6,40,102
1994,6,45,5
1994,7,15,502
1994,7,20,971
1994,7,25,1044
1994,7,30,808
1994,7,35,323
1994,7,40,65
1994,7,45,3
1994,8,15,180
1994,8,20,789
1994,8,25,1441
1994,8,30,1405
1994,8,35,521
1994,8,40,89
1994,8,45,0
1995,1,15,4200
1995,1,20,16523
1995,1,25,28347
1995,1,30,26697
1995,1,35,10716
1995,1,40,1825
1995,1,45,85
1995,2,15,2131
1995,2,20,9723
1995,2,25,21038
1995,2,30,20577
1995,2,35,8048
1995,2,40,1284
1995,2,45,72
1995,3,15,3026
1995,3,20,9981
1995,3,25,15185
1995,3,30,12950
1995,3,35,4854
1995,3,40,797
1995,3,45,46
1995,4,15,846
1995,4,20,3243
1995,4,25,6493
1995,4,30,6088
1995,4,35,2420
1995,4,40,457
1995,4,45,24
1995,5,15,1544
1995,5,20,4936
1995,5,25,8226
1995,5,30,7459
1995,5,35,2860
1995,5,40,468
1995,5,45,26
1995,6,15,417
1995,6,20,1423
1995,6,25,2212
1995,6,30,1867
1995,6,35,706
1995,6,40,138
1995,6,45,12
1995,7,15,536
1995,7,20,969
1995,7,25,1108
1995,7,30,826
1995,7,35,340
1995,7,40,71
1995,7,45,0
1995,8,15,185
1995,8,20,776
1995,8,25,1409
1995,8,30,1337
1995,8,35,539
1995,8,40,90
1995,8,45,2
1996,1,15,4134
1996,1,20,15509
1996,1,25,28058
1996,1,30,26017
1996,1,35,11460
1996,1,40,1891
1996,1,45,68
1996,2,15,1970
1996,2,20,8809
1996,2,25,20408
1996,2,30,20456
1996,2,35,8357
1996,2,40,1342
1996,2,45,81
1996,3,15,3158
1996,3,20,10062
1996,3,25,15530
1996,3,30,13176
1996,3,35,5294
1996,3,40,892
1996,3,45,44
1996,4,15,894
1996,4,20,3201
1996,4,25,6264
1996,4,30,5872
1996,4,35,2511
1996,4,40,464
1996,4,45,26
1996,5,15,1466
1996,5,20,4593
1996,5,25,8256
1996,5,30,7364
1996,5,35,3002
1996,5,40,454
1996,5,45,31
1996,6,15,454
1996,6,20,1417
1996,6,25,2150
1996,6,30,1789
1996,6,35,627
1996,6,40,129
1996,6,45,11
1996,7,15,485
1996,7,20,868
1996,7,25,1052
1996,7,30,790
1996,7,35,368
1996,7,40,51
1996,7,45,0
1996,8,15,178
1996,8,20,686
1996,8,25,1457
1996,8,30,1315
1996,8,35,609
1996,8,40,118
1996,8,45,7
1997,1,15,4125
1997,1,20,14795
1997,1,25,28380
1997,1,30,26327
1997,1,35,11967
1997,1,40,1943
1997,1,45,95
1997,2,15,1932
1997,2,20,8422
1997,2,25,20107
1997,2,30,20223
1997,2,35,8896
1997,2,40,1401
1997,2,45,81
1997,3,15,3129
1997,3,20,9349
1997,3,25,15513
1997,3,30,12826
1997,3,35,5396
1997,3,40,852
1997,3,45,35
1997,4,15,792
1997,4,20,2719
1997,4,25,6053
1997,4,30,5825
1997,4,35,2644
1997,4,40,426
1997,4,45,33
1997,5,15,1378
1997,5,20,4328
1997,5,25,8230
1997,5,30,7487
1997,5,35,3163
1997,5,40,478
1997,5,45,34
1997,6,15,474
1997,6,20,1270
1997,6,25,2049
1997,6,30,1644
1997,6,35,613
1997,6,40,107
1997,6,45,5
1997,7,15,489
1997,7,20,816
1997,7,25,1119
1997,7,30,732
1997,7,35,345
1997,7,40,79
1997,7,45,0
1997,8,15,187
1997,8,20,605
1997,8,25,1378
1997,8,30,1380
1997,8,35,563
1997,8,40,96
1997,8,45,6
1998,1,15,3983
1998,1,20,14028
1998,1,25,28088
1998,1,30,25672
1998,1,35,11950
1998,1,40,2115
1998,1,45,94
1998,2,15,1959
1998,2,20,7954
1998,2,25,19662
1998,2,30,20522
1998,2,35,9272
1998,2,40,1499
1998,2,45,78
1998,3,15,2924
1998,3,20,8925
1998,3,25,15720
1998,3,30,13140
1998,3,35,5663
1998,3,40,941
1998,3,45,63
1998,4,15,761
1998,4,20,2737
1998,4,25,5884
1998,4,30,5788
1998,4,35,2659
1998,4,40,513
1998,4,45,42
1998,5,15,1382
1998,5,20,4157
1998,5,25,8147
1998,5,30,7426
1998,5,35,3318
1998,5,40,547
1998,5,45,43
1998,6,15,419
1998,6,20,1171
1998,6,25,2034
1998,6,30,1639
1998,6,35,735
1998,6,40,135
1998,6,45,12
1998,7,15,455
1998,7,20,820
1998,7,25,1118
1998,7,30,791
1998,7,35,376
1998,7,40,76
1998,7,45,9
1998,8,15,145
1998,8,20,539
1998,8,25,1316
1998,8,30,1248
1998,8,35,593
1998,8,40,116
1998,8,45,4
1999,1,15,4025
1999,1,20,13723
1999,1,25,27919
1999,1,30,26208
1999,1,35,12708
1999,1,40,2315
1999,1,45,142
1999,2,15,1742
1999,2,20,7359
1999,2,25,18647
1999,2,30,20426
1999,2,35,9470
1999,2,40,1601
1999,2,45,75
1999,3,15,2864
1999,3,20,8706
1999,3,25,15247
1999,3,30,13088
1999,3,35,5775
1999,3,40,972
1999,3,45,43
1999,4,15,774
1999,4,20,2596
1999,4,25,5753
1999,4,30,5855
1999,4,35,2602
1999,4,40,537
1999,4,45,40
1999,5,15,1423
1999,5,20,4178
1999,5,25,7947
1999,5,30,7638
1999,5,35,3388
1999,5,40,547
1999,5,45,50
1999,6,15,466
1999,6,20,1183
1999,6,25,1998
1999,6,30,1671
1999,6,35,730
1999,6,40,116
1999,6,45,6
1999,7,15,482
1999,7,20,810
1999,7,25,1080
1999,7,30,792
1999,7,35,363
1999,7,40,89
1999,7,45,4
1999,8,15,144
1999,8,20,607
1999,8,25,1259
1999,8,30,1367
1999,8,35,691
1999,8,40,126
1999,8,45,1
2000,1,15,3658
2000,1,20,13104
2000,1,25,27515
2000,1,30,27059
2000,1,35,13079
2000,1,40,2415
2000,1,45,140
2000,2,15,1765
2000,2,20,7058
2000,2,25,18385
2000,2,30,20888
2000,2,35,9844
2000,2,40,1615
2000,2,45,90
2000,3,15,2916
2000,3,20,8330
2000,3,25,15416
2000,3,30,13553
2000,3,35,6084
2000,3,40,1048
2000,3,45,50
2000,4,15,774
2000,4,20,2604
2000,4,25,5448
2000,4,30,5880
2000,4,35,2805
2000,4,40,536
2000,4,45,44
2000,5,15,1430
2000,5,20,4269
2000,5,25,7814
2000,5,30,7729
2000,5,35,3490
2000,5,40,629
2000,5,45,16
2000,6,15,447
2000,6,20,1198
2000,6,25,1796
2000,6,30,1566
2000,6,35,680
2000,6,40,131
2000,6,45,7
2000,7,15,506
2000,7,20,770
2000,7,25,1056
2000,7,30,899
2000,7,35,433
2000,7,40,117
2000,7,45,7
2000,8,15,133
2000,8,20,500
2000,8,25,1292
2000,8,30,1336
2000,8,35,649
2000,8,40,128
2000,8,45,8
2001,1,15,3741
2001,1,20,12747
2001,1,25,25653
2001,1,30,26927
2001,1,35,12921
2001,1,40,2519
2001,1,45,150
2001,2,15,1877
2001,2,20,7204
2001,2,25,17049
2001,2,30,21261
2001,2,35,9820
2001,2,40,1801
2001,2,45,96
2001,3,15,2952
2001,3,20,8517
2001,3,25,14775
2001,3,30,14277
2001,3,35,6311
2001,3,40,1112
2001,3,45,62
2001,4,15,759
2001,4,20,2608
2001,4,25,5007
2001,4,30,5823
2001,4,35,2686
2001,4,40,605
2001,4,45,43
2001,5,15,1348
2001,5,20,3925
2001,5,25,7270
2001,5,30,7646
2001,5,35,3450
2001,5,40,645
2001,5,45,40
2001,6,15,547
2001,6,20,1233
2001,6,25,1936
2001,6,30,1871
2001,6,35,822
2001,6,40,181
2001,6,45,2
2001,7,15,509
2001,7,20,774
2001,7,25,1091
2001,7,30,968
2001,7,35,434
2001,7,40,116
2001,7,45,8
2001,8,15,128
2001,8,20,487
2001,8,25,1214
2001,8,30,1268
2001,8,35,642
2001,8,40,122
2001,8,45,11
2002,1,15,3685
2002,1,20,12690
2002,1,25,25172
2002,1,30,28695
2002,1,35,13510
2002,1,40,2781
2002,1,45,129
2002,2,15,1872
2002,2,20,7260
2002,2,25,16913
2002,2,30,22926
2002,2,35,10888
2002,2,40,1961
2002,2,45,105
2002,3,15,2952
2002,3,20,8263
2002,3,25,14318
2002,3,30,14873
2002,3,35,6382
2002,3,40,1221
2002,3,45,78
2002,4,15,818
2002,4,20,2587
2002,4,25,4967
2002,4,30,6053
2002,4,35,2847
2002,4,40,596
2002,4,45,48
2002,5,15,1316
2002,5,20,3803
2002,5,25,6940
2002,5,30,7715
2002,5,35,3482
2002,5,40,602
2002,5,45,29
2002,6,15,456
2002,6,20,1196
2002,6,25,1685
2002,6,30,1628
2002,6,35,735
2002,6,40,179
2002,6,45,9
2002,7,15,463
2002,7,20,826
2002,7,25,972
2002,7,30,954
2002,7,35,444
2002,7,40,121
2002,7,45,8
2002,8,15,137
2002,8,20,474
2002,8,25,1136
2002,8,30,1404
2002,8,35,638
2002,8,40,179
2002,8,45,15
2003,1,15,3335
2003,1,20,12417
2003,1,25,24464
2003,1,30,29315
2003,1,35,14016
2003,1,40,2795
2003,1,45,153
2003,2,15,1690
2003,2,20,7186
2003,2,25,16274
2003,2,30,23179
2003,2,35,10995
2003,2,40,2128
2003,2,45,85
2003,3,15,2864
2003,3,20,8349
2003,3,25,13862
2003,3,30,15510
2003,3,35,6679
2003,3,40,1291
2003,3,45,80
2003,4,15,761
2003,4,20,2543
2003,4,25,4827
2003,4,30,5995
2003,4,35,2874
2003,4,40,652
2003,4,45,48
2003,5,15,1301
2003,5,20,3776
2003,5,25,6840
2003,5,30,8112
2003,5,35,3742
2003,5,40,715
2003,5,45,48
2003,6,15,423
2003,6,20,1042
2003,6,25,1576
2003,6,30,1747
2003,6,35,735
2003,6,40,144
2003,6,45,13
2003,7,15,473
2003,7,20,827
2003,7,25,974
2003,7,30,969
2003,7,35,492
2003,7,40,114
2003,7,45,9
2003,8,15,111
2003,8,20,481
2003,8,25,1090
2003,8,30,1490
2003,8,35,680
2003,8,40,153
2003,8,45,11
2004,1,15,3324
2004,1,20,12180
2004,1,25,23754
2004,1,30,29370
2004,1,35,14288
2004,1,40,2955
2004,1,45,156
2004,2,15,1736
2004,2,20,6960
2004,2,25,16154
2004,2,30,23865
2004,2,35,11821
2004,2,40,2210
2004,2,45,139
2004,3,15,2896
2004,3,20,8592
2004,3,25,14141
2004,3,30,15856
2004,3,35,7250
2004,3,40,1450
2004,3,45,77
2004,4,15,696
2004,4,20,2445
2004,4,25,4600
2004,4,30,5990
2004,4,35,2930
2004,4,40,633
2004,4,45,63
2004,5,15,1400
2004,5,20,3974
2004,5,25,6961
2004,5,30,8498
2004,5,35,4002
2004,5,40,743
2004,5,45,44
2004,6,15,402
2004,6,20,1084
2004,6,25,1599
2004,6,30,1670
2004,6,35,810
2004,6,40,156
2004,6,45,3
2004,7,15,408
2004,7,20,774
2004,7,25,954
2004,7,30,925
2004,7,35,489
2004,7,40,105
2004,7,45,12
2004,8,15,107
2004,8,20,411
2004,8,25,1023
2004,8,30,1561
2004,8,35,865
2004,8,40,205
2004,8,45,25
2005,1,15,3012
2005,1,20,11655
2005,1,25,23347
2005,1,30,30476
2005,1,35,15322
2005,1,40,3015
2005,1,45,172
2005,2,15,1683
2005,2,20,6969
2005,2,25,16126
2005,2,30,23755
2005,2,35,12713
2005,2,40,2346
2005,2,45,141
2005,3,15,2811
2005,3,20,8851
2005,3,25,14492
2005,3,30,16468
2005,3,35,7877
2005,3,40,1514
2005,3,45,76
2005,4,15,960
2005,4,20,2786
2005,4,25,5042
2005,4,30,5851
2005,4,35,2795
2005,4,40,546
2005,4,45,38
2005,5,15,1418
2005,5,20,4008
2005,5,25,7028
2005,5,30,8699
2005,5,35,4415
2005,5,40,847
2005,5,45,33
2005,6,15,426
2005,6,20,1170
2005,6,25,1675
2005,6,30,1844
2005,6,35,874
2005,6,40,156
2005,6,45,9
2005,7,15,457
2005,7,20,829
2005,7,25,1010
2005,7,30,894
2005,7,35,473
2005,7,40,90
2005,7,45,6
2005,8,15,116
2005,8,20,465
2005,8,25,1070
2005,8,30,1548
2005,8,35,824
2005,8,40,163
2005,8,45,8
2006,1,15,2983
2006,1,20,11614
2006,1,25,23394
2006,1,30,30150
2006,1,35,16202
2006,1,40,3115
2006,1,45,166
2006,2,15,1674
2006,2,20,7107
2006,2,25,16161
2006,2,30,24227
2006,2,35,13798
2006,2,40,2514
2006,2,45,141
2006,3,15,2767
2006,3,20,8941
2006,3,25,14699
2006,3,30,16623
2006,3,35,8437
2006,3,40,1502
2006,3,45,117
2006,4,15,858
2006,4,20,2888
2006,4,25,5071
2006,4,30,5861
2006,4,35,3207
2006,4,40,539
2006,4,45,47
2006,5,15,1413
2006,5,20,4350
2006,5,25,7414
2006,5,30,8990
2006,5,35,4949
2006,5,40,883
2006,5,45,60
2006,6,15,411
2006,6,20,1205
2006,6,25,1658
2006,6,30,1750
2006,6,35,921
2006,6,40,176
2006,6,45,13
2006,7,15,480
2006,7,20,836
2006,7,25,952
2006,7,30,931
2006,7,35,482
2006,7,40,101
2006,7,45,7
2006,8,15,117
2006,8,20,481
2006,8,25,1192
2006,8,30,1640
2006,8,35,876
2006,8,40,175
2006,8,45,12
2007,1,15,2815
2007,1,20,11830
2007,1,25,23979
2007,1,30,30190
2007,1,35,17366
2007,1,40,3322
2007,1,45,194
2007,2,15,1772
2007,2,20,7919
2007,2,25,17888
2007,2,30,24976
2007,2,35,15356
2007,2,40,2789
2007,2,45,174
2007,3,15,3323
2007,3,20,10760
2007,3,25,17031
2007,3,30,18490
2007,3,35,10063
2007,3,40,1786
2007,3,45,142
2007,4,15,917
2007,4,20,3113
2007,4,25,5467
2007,4,30,6302
2007,4,35,3410
2007,4,40,631
2007,4,45,53
2007,5,15,1512
2007,5,20,4768
2007,5,25,7837
2007,5,30,9053
2007,5,35,5275
2007,5,40,964
2007,5,45,41
2007,6,15,449
2007,6,20,1330
2007,6,25,1765
2007,6,30,1790
2007,6,35,1001
2007,6,40,204
2007,6,45,16
2007,7,15,450
2007,7,20,900
2007,7,25,1043
2007,7,30,871
2007,7,35,556
2007,7,40,106
2007,7,45,12
2007,8,15,131
2007,8,20,524
2007,8,25,1318
2007,8,30,1675
2007,8,35,939
2007,8,40,185
2007,8,45,13
2008,1,15,3275
2008,1,20,12684
2008,1,25,25259
2008,1,30,30905
2008,1,35,18959
2008,1,40,3689
2008,1,45,173
2008,2,15,1892
2008,2,20,8056
2008,2,25,17754
2008,2,30,24624
2008,2,35,16043
2008,2,40,3117
2008,2,45,166
2008,3,15,3664
2008,3,20,11200
2008,3,25,17781
2008,3,30,18332
2008,3,35,10421
2008,3,40,1975
2008,3,45,133
2008,4,15,962
2008,4,20,3183
2008,4,25,5658
2008,4,30,6356
2008,4,35,3560
2008,4,40,713
2008,4,45,59
2008,5,15,1690
2008,5,20,5086
2008,5,25,8658
2008,5,30,9724
2008,5,35,5836
2008,5,40,1060
2008,5,45,53
2008,6,15,448
2008,6,20,1349
2008,6,25,1898
2008,6,30,1863
2008,6,35,1037
2008,6,40,216
2008,6,45,13
2008,7,15,416
2008,7,20,919
2008,7,25,1108
2008,7,30,961
2008,7,35,529
2008,7,40,104
2008,7,45,6
2008,8,15,107
2008,8,20,519
2008,8,25,1247
2008,8,30,1710
2008,8,35,1045
2008,8,40,214
2008,8,45,7
2009,1,15,3070
2009,1,20,12006
2009,1,25,25178
2009,1,30,30373
2009,1,35,18549
2009,1,40,3711
2009,1,45,237
2009,2,15,1788
2009,2,20,7844
2009,2,25,18752
2009,2,30,24168
2009,2,35,15474
2009,2,40,3165
2009,2,45,176
2009,3,15,4071
2009,3,20,11847
2009,3,25,18813
2009,3,30,18779
2009,3,35,10885
2009,3,40,2064
2009,3,45,144
2009,4,15,846
2009,4,20,3046
2009,4,25,5777
2009,4,30,6027
2009,4,35,3514
2009,4,40,713
2009,4,45,70
2009,5,15,1525
2009,5,20,4977
2009,5,25,8531
2009,5,30,9595
2009,5,35,5427
2009,5,40,1046
2009,5,45,66
2009,6,15,444
2009,6,20,1283
2009,6,25,1880
2009,6,30,1756
2009,6,35,1008
2009,6,40,211
2009,6,45,16
2009,7,15,403
2009,7,20,863
2009,7,25,981
2009,7,30,984
2009,7,35,541
2009,7,40,127
2009,7,45,7
2009,8,15,123
2009,8,20,516
2009,8,25,1305
2009,8,30,1732
2009,8,35,976
2009,8,40,215
2009,8,45,24
2010,1,15,3054
2010,1,20,12517
2010,1,25,25900
2010,1,30,30971
2010,1,35,19355
2010,1,40,4027
2010,1,45,224
2010,2,15,1528
2010,2,20,7515
2010,2,25,18566
2010,2,30,24398
2010,2,35,15554
2010,2,40,3256
2010,2,45,215
2010,3,15,3707
2010,3,20,11428
2010,3,25,18243
2010,3,30,18628
2010,3,35,10571
2010,3,40,2204
2010,3,45,139
2010,4,15,839
2010,4,20,3072
2010,4,25,5996
2010,4,30,6214
2010,4,35,3468
2010,4,40,694
2010,4,45,57
2010,5,15,1469
2010,5,20,4872
2010,5,25,8998
2010,5,30,9702
2010,5,35,5503
2010,5,40,1164
2010,5,45,70
2010,6,15,356
2010,6,20,1205
2010,6,25,1881
2010,6,30,1681
2010,6,35,1022
2010,6,40,214
2010,6,45,9
2010,7,15,397
2010,7,20,822
2010,7,25,1112
2010,7,30,960
2010,7,35,570
2010,7,40,122
2010,7,45,15
2010,8,15,110
2010,8,20,511
2010,8,25,1383
2010,8,30,1822
2010,8,35,1106
2010,8,40,224
2010,8,45,23
2011,1,15,3331
2011,1,20,13099
2011,1,25,27292
2011,1,30,31981
2011,1,35,19039
2011,1,40,4205
2011,1,45,263
2011,2,15,1659
2011,2,20,7718
2011,2,25,19208
2011,2,30,24681
2011,2,35,15080
2011,2,40,3385
2011,2,45,230
2011,3,15,3334
2011,3,20,10813
2011,3,25,18518
2011,3,30,18280
2011,3,35,10416
2011,3,40,2256
2011,3,45,129
2011,4,15,810
2011,4,20,2922
2011,4,25,5970
2011,4,30,6284
2011,4,35,3392
2011,4,40,774
2011,4,45,45
2011,5,15,1478
2011,5,20,4882
2011,5,25,9226
2011,5,30,10099
2011,5,35,5521
2011,5,40,1257
2011,5,45,73
2011,6,15,403
2011,6,20,1275
2011,6,25,1859
2011,6,30,1788
2011,6,35,1004
2011,6,40,251
2011,6,45,26
2011,7,15,358
2011,7,20,872
2011,7,25,1130
2011,7,30,1005
2011,7,35,549
2011,7,40,148
2011,7,45,7
2011,8,15,121
2011,8,20,507
2011,8,25,1353
2011,8,30,1873
2011,8,35,1052
2011,8,40,243
2011,8,45,15
2012,1,15,3321
2012,1,20,13048
2012,1,25,26835
2012,1,30,32426
2012,1,35,18695
2012,1,40,4581
2012,1,45,403
2012,2,15,1928
2012,2,20,8567
2012,2,25,20672
2012,2,30,27006
2012,2,35,15837
2012,2,40,3621
2012,2,45,266
2012,3,15,3391
2012,3,20,10871
2012,3,25,18504
2012,3,30,19080
2012,3,35,10165
2012,3,40,2338
2012,3,45,192
2012,4,15,854.0000001
2012,4,20,2979
2012,4,25,6086.999999
2012,4,30,6445
2012,4,35,3423
2012,4,40,823
2012,4,45,69
2012,5,15,1446
2012,5,20,5035
2012,5,25,9577
2012,5,30,10750
2012,5,35,5641
2012,5,40,1325
2012,5,45,109
2012,6,15,388
2012,6,20,1073
2012,6,25,1760
2012,6,30,1673
2012,6,35,940
2012,6,40,256
2012,6,45,17
2012,7,15,400
2012,7,20,865
2012,7,25,1134
2012,7,30,1085
2012,7,35,530
2012,7,40,151
2012,7,45,2
2012,8,15,107
2012,8,20,519
2012,8,25,1475
2012,8,30,2027
2012,8,35,1065
2012,8,40,257
2012,8,45,16
2013,1,15,3094
2013,1,20,12874
2013,1,25,27064
2013,1,30,33990
2013,1,35,18895
2013,1,40,4721
2013,1,45,360
2013,2,15,1701
2013,2,20,7879
2013,2,25,19480
2013,2,30,26332
2013,2,35,15167
2013,2,40,3656
2013,2,45,282
2013,3,15,3082
2013,3,20,10785
2013,3,25,18274
2013,3,30,19288
2013,3,35,10017
2013,3,40,2425
2013,3,45,156
2013,4,15,728
2013,4,20,2936
2013,4,25,5914
2013,4,30,6600
2013,4,35,3248
2013,4,40,843
2013,4,45,44
2013,5,15,1320
2013,5,20,4988
2013,5,25,9782
2013,5,30,11314
2013,5,35,5694
2013,5,40,1397
2013,5,45,94
2013,6,15,356
2013,6,20,1129
2013,6,25,1819
2013,6,30,1742
2013,6,35,891
2013,6,40,253
2013,6,45,14
2013,7,15,320
2013,7,20,789
2013,7,25,1185
2013,7,30,1108
2013,7,35,533
2013,7,40,158
2013,7,45,11
2013,8,15,101
2013,8,20,483
2013,8,25,1497
2013,8,30,2088
2013,8,35,1117
2013,8,40,254
2013,8,45,11
2014,1,15,2510
2014,1,20,10805
2014,1,25,24454
2014,1,30,31571
2014,1,35,17231
2014,1,40,4263
2014,1,45,383
2014,2,15,1519
2014,2,20,7862
2014,2,25,19630
2014,2,30,26990
2014,2,35,14988
2014,2,40,3450
2014,2,45,292
2014,3,15,2786
2014,3,20,10260
2014,3,25,18286
2014,3,30,19844
2014,3,35,9940
2014,3,40,2387
2014,3,45,206
2014,4,15,687
2014,4,20,2776
2014,4,25,5839
2014,4,30,6985
2014,4,35,3482
2014,4,40,807
2014,4,45,64
2014,5,15,1165
2014,5,20,4840
2014,5,25,10029
2014,5,30,11827
2014,5,35,6092
2014,5,40,1366
2014,5,45,123
2014,6,15,314
2014,6,20,1086
2014,6,25,1774
2014,6,30,1792
2014,6,35,850
2014,6,40,235
2014,6,45,12
2014,7,15,337
2014,7,20,801
2014,7,25,1147
2014,7,30,1082
2014,7,35,536
2014,7,40,132
2014,7,45,7
2014,8,15,98
2014,8,20,447
2014,8,25,1522
2014,8,30,2159
2014,8,35,1060
2014,8,40,263
2014,8,45,27
2015,1,15,2645
2015,1,20,11981
2015,1,25,26478
2015,1,30,34799
2015,1,35,18535
2015,1,40,4621
2015,1,45,433
2015,2,15,1264
2015,2,20,7383
2015,2,25,19169
2015,2,30,27470
2015,2,35,15025
2015,2,40,3408
2015,2,45,360
2015,3,15,2536
2015,3,20,10026
2015,3,25,17562
2015,3,30,19882
2015,3,35,9757
2015,3,40,2294
2015,3,45,252
2015,4,15,589
2015,4,20,2625
2015,4,25,5600
2015,4,30,6939
2015,4,35,3294
2015,4,40,716
2015,4,45,61
2015,5,15,1105
2015,5,20,4613
2015,5,25,9942
2015,5,30,12159
2015,5,35,5972
2015,5,40,1287
2015,5,45,139
2015,6,15,262
2015,6,20,1046
2015,6,25,1623
2015,6,30,1813
2015,6,35,871
2015,6,40,193
2015,6,45,23
2015,7,15,280
2015,7,20,794
2015,7,25,1076
2015,7,30,1186
2015,7,35,580
2015,7,40,142
2015,7,45,9
2015,8,15,79
2015,8,20,487
2015,8,25,1448
2015,8,30,2182
2015,8,35,1080
2015,8,40,237
2015,8,45,36
2016,1,15,2300
2016,1,20,10771
2016,1,25,25071
2016,1,30,34451
2016,1,35,18445
2016,1,40,4331
2016,1,45,503
2016,2,15,1259
2016,2,20,7941
2016,2,25,21172
2016,2,30,31433
2016,2,35,17236
2016,2,40,3909
2016,2,45,396
2016,3,15,2196
2016,3,20,9676
2016,3,25,17510
2016,3,30,20470
2016,3,35,10056
2016,3,40,2356
2016,3,45,207
2016,4,15,525
2016,4,20,2449
2016,4,25,5638
2016,4,30,7046
2016,4,35,3512
2016,4,40,742
2016,4,45,88
2016,5,15,992
2016,5,20,4337
2016,5,25,9775
2016,5,30,12595
2016,5,35,6300
2016,5,40,1318
2016,5,45,121
2016,6,15,250
2016,6,20,1067
2016,6,25,1695
2016,6,30,1892
2016,6,35,961
2016,6,40,227
2016,6,45,25
2016,7,15,226
2016,7,20,723
2016,7,25,1139
2016,7,30,1151
2016,7,35,569
2016,7,40,153
2016,7,45,13
2016,8,15,64
2016,8,20,416
2016,8,25,1293
2016,8,30,2078
2016,8,35,1079
2016,8,40,215
2016,8,45,23
